Name1,Name2
Mehul Gupta,Meryl Gupta
John Andrew Lewis,Jahn Andrej Levis
Cyndi Eric Wood,Candice Erick Waud
Mary Ellen,Mari Ehlen
Carlos Alfonzo Diaz,Carlow Diez
Anne Meier-King,Ange Meyer-King
Michaela Hudson Bennett,Michael Hudson
Alyson Colin Gray,Alison Coplin Gray
Britney Alejandro Hughes,Britni Alessandro
Dwayne Sanders,Dwaine Xander
Jesse Jones,Jessie Jonas
Cedric Maxwell Foster,Cedric Marcell Foister
John Jacob,John Jacobi
Peter Alfred Escher,Pieter Alfreds Eshcher
Peter James Low,Pete Lowd
Mehul Gupta,Mehl Gutta
John Andrew Lewis,Johan Andrew Lewise
Cyndi Eric Wood,Candy Erin Wood
Mary Ellen,Mare Ellens
Carlos Alfonzo Diaz,Carlo Alford Diaz
Anne Meier-King,Anny Merlin
Michaela Hudson Bennett,Michele Bennett
Alyson Colin Gray,Alys Corin
Britney Alejandro Hughes,Britaney Alexander Hughes
Dwayne Sanders,Sanders Dayne
Jesse Jones,Josie Jones
Cedric Maxwell Foster,Maxwell Gedris Foster
John Jacob,Jacob Jahn
Peter Alfred Escher,Petr Alfie
Peter James Low,Pester Jamie Low
Mehul Gupta,Mehul Gustaf
John Andrew Lewis,Jorn Andrei Lenis
Cyndi Eric Wood,Cyndie Erice
Mary Ellen,Ellyn Mary
Carlos Alfonzo Diaz,Carls Riaz
Anne Meier-King,Anna Meier-King
Michaela Hudson Bennett,Mikhaila Bennett
Alyson Colin Gray,Colin Alston Gray
Britney Alejandro Hughes,Alejandro Britney Hughie
Dwayne Sanders,Ander Dwane
Jesse Jones,Joynes Jesse
Cedric Maxwell Foster,Cedric Falwell Fesler
John Jacob,John Jago
Peter Alfred Escher,Peter Escher Aled
Peter James Low,James Petet Low
Mehul Gupta,Mehul Gutt
John Andrew Lewis,John Andie
Cyndi Eric Wood,Wedd Cyndi Eric
Mary Ellen,Marc Elle
Carlos Alfonzo Diaz,Caryss Alfonza Diaz
Anne Meier-King,Anne Meger-King
Michaela Hudson Bennett,Michal Hudson Brett
Alyson Colin Gray,Alyson Coplin Grey
Britney Alejandro Hughes,Britney Leando Hughes
Dwayne Sanders,Sandy Dwayne
Jesse Jones,Jessel Jones
Cedric Maxwell Foster,Cedric Foster Kambell
John Jacob,Jaxon Jon
Peter Alfred Escher,Peter Esther Alfres
Peter James Low,Lowe Petek James
Dr.Stuti Aayush Agarwal,Dr.Shruti Aayush Agarwal
William Benjamin Hall,Willean Benjamin Hall
Er Saumya Dhruv Mehta,Saumya Dhruv Mesta
Phd.Aaditya Kapoor,Phd.Adith Kapoor
Samuel Gabriel Carter,Samuel Ariel Carter
Rafael Ryan Turner,Rafal Ryan Turner
Stephen Isaac Parker,Stephen Izaac Parker
Jerry Edwards,Derry Edwards
James Earl Smith,James Earl Snith
Brian Gavin Collins,Brian Cavin Collins
Michael Tyler Stewart,Michael Kyler Stewart
Philip Owen Morris,Philip Oden Morris
Neil Brandon Cook,Neil Brandon Coop
Elizabeth Rogers,Elisabetta Rogers
John Adrian Peterson,John Adriano Peterson
Shawn Kevin Howard,Shaan Kevin Howard
Anne Sebastian Watson,Anne Sebastian Wasson
Joanne Colton Richardson,Joanne Coltin Richardson
Katelyn Xavier Cox,Kaelyn Xavier Cox
Sara Alex Brooks,Saba Alex Brooks
Katherine D'Souza,Katerina D'Souza
Dr.Stuti Aayush Agarwal,Dr. Stuti Aarush Agarwal
William Benjamin Hall,William Benhamin Hall
Er Saumya Dhruv Mehta,Er Saurya Dhruv Mehta
Phd.Aaditya Kapoor,Phd.Aaditya Zahoor
Samuel Gabriel Carter,Manuel Gabriel Carter
Rafael Ryan Turner,Rafael Bryan Turner
Stephen Isaac Parker,Stellen Isaac Parker
Jerry Edwards,Eduardo Jerry
James Earl Smith,Jamey Earl Smith
Brian Gavin Collins,Brian Gavin Cillis
Michael Tyler Stewart,Stuart Michael Tyler
Philip Owen Morris,Phil Owen Morris
Neil Brandon Cook,Neil Braedon Cook
Elizabeth Rogers,Rowen Elizabeth
John Adrian Peterson,Henderson John Adrian
Shawn Kevin Howard,Shawn Kelvin Howard
Anne Sebastian Watson,Anne Bastian Watson
Joanne Colton Richardson,Deanne Colton Richardson
Katelyn Xavier Cox,Eavie Katelyn Cox
Sara Alex Brooks,Sara Alix Brooks
Katherine D'Souza,Katrin D'Souza
Shanaya Jha,Shaniya Jha
Nicholas Jackson Thompson,Nicholle Jackson Thompson
Isabella Christian Clark,Isabella Christian Cleark
Evelyn Dylan Lewis,Evelyn Dylan Lenis
Saanchi Aniruddh Soman,Saanchi Aairah Soman
Amelia Brayden Walker,Ameliya Brayden Walker
Justin Dominic Robinson,Jusbir Dominic Robinson
Aaryan Pradeep Khanna,Aarany Pradeep Khanna
Cooper Nathaniel Allen,Cooper Nathaniel Allyn
Tristan Carlos Scott,Tristin Carlos Scott
Allison Cameron Green,Allissa Cameron Green
Jessica Antonio Mitchell,Jerrica Antonio Mitchell
Arianna Eric Baker,Arianna Erich Baker
Miguel Richard Collins,Miguel Rishabh Collins
Shanaya Jha,Shanaya Jhy
Nicholas Jackson Thompson,Nicholas Jasson Thompson
Isabella Christian Clark,Sabella Christian Clark
Evelyn Dylan Lewis,Emlyn Dylan Lewis
Saanchi Aniruddh Soman,Sandie Aniruddh Soman
Amelia Brayden Walker,Amelia Bradan Walker
Justin Dominic Robinson,Justin Domenica Robinson
Aaryan Pradeep Khanna,Aaryan Prateek Khanna
Cooper Nathaniel Allen,Clopper Nathaniel Allen
Tristan Carlos Scott,Tristan Carls Scott
Allison Cameron Green,Allison Camerin Green
Jessica Antonio Mitchell,Jessica Antonius Mitchell
Arianna Eric Baker,Adrianna Eric Baker
Miguel Richard Collins,Michel Richard Collins
Shanaya Jha,Jha Shanyn
Nicholas Jackson Thompson,Nicholas Jackson Thomas
Isabella Christian Clark,Isabella Christa Clark
Evelyn Dylan Lewis,Evelyn Dilan Lewis
Saanchi Aniruddh Soman,Saanchi Aniruddh Solman
Amelia Brayden Walker,Amelia Brayden Walzer
Justin Dominic Robinson,Justin Dominic Robertson
Aaryan Pradeep Khanna,Aaryan Pradeep Kiana
Cooper Nathaniel Allen,Cooper Nathania Allen
Tristan Carlos Scott,Tristan Carlos Shott
Allison Cameron Green,Allison Cameron Gleen
Jessica Antonio Mitchell,Jessica Antonio Micaela
Arianna Eric Baker,Arianna Eric Backer
Miguel Richard Collins,Miguel Richard Callin
Adrian Cox,Arian Cox
Danna Kingston Martinez,Dianna Kingston Martinez
Luisa Douglas Evans,Lisa Douglas Evans
Joey Peterson,Joy Peterson
Kirti Animesh Chowdhury,Kristi Animesh Chowdhury
Carolina Johnny Gomez,Carlina Johnny Gomez
Charlie Murray,Charlye Murray
Hanna Scott Tucker,Hania Scott Tucker
Vihaan Kabir Khurana,Vivaan Kabir Khurana
Julie Gerald Rivera,Juliet Gerald Rivera
Martin Hicks,Marvin Hicks
Ankita Manoj Bhavsar,Anita Manoj Bhavsar
Alexander Rodriguez,Alexandra Rodriguez
Sophia Jayden Hernandez,Sophie Jayden Hernandez
Joshua Daniel Wilson,Josh Daniel Wilson
Adrian Cox,Conn Adrian
Danna Kingston Martinez,Danna Kirsten Martinez
Luisa Douglas Evans,Luisa Douglan Evans
Joey Peterson,Joye Peterson
Kirti Animesh Chowdhury,Kirti Anilesh Chowdhury
Carolina Johnny Gomez,Carolina Johanne Gomez
Charlie Murray,Mirrah Charlie
Hanna Scott Tucker,Hanna Scout Tucker
Vihaan Kabir Khurana,Vihaan Kadir Khurana
Julie Gerald Rivera,Julie Gerard Rivera
Martin Hicks,Hicks Artin
Ankita Manoj Bhavsar,Ankita Manuj Bhavsar
Alexander Rodriguez,Leander Rodriguez
Sophia Jayden Hernandez,Sophia Cayden Hernandez
Joshua Daniel Wilson,Joshua Dariel Wilson
Adrian Cox,Adrian Cos
Danna Kingston Martinez,Danna Kingston Martins
Luisa Douglas Evans,Luisa Douglas Evins
Joey Peterson,Joey Pearson
Kirti Animesh Chowdhury,Kirti Animesh Chowdhurani
Carolina Johnny Gomez,Carolina Johnny Gamez
Charlie Murray,Charlie Murran
Hanna Scott Tucker,Hanna Scott Tupper
Vihaan Kabir Khurana,Vihaan Kabir Khurram
Julie Gerald Rivera,Julie Gerald Rivers
Martin Hicks,Martin Hinks
Ankita Manoj Bhavsar,Ankita Manoj Bhaskar
Alexander Rodriguez,Alexander Rodricks
Sophia Jayden Hernandez,Sophia Jayden Fernandez
Joshua Daniel Wilson,Joshua Daniel Winson
Peter John Good,Pester John Good
Ricky Martinez,Ricky Martyn
Christopher Joseph Thomas,Christopher Eosaph Thomas
Lizzy Preston Rogers,Linzy Preston Rogers
Betty Victor Murray,Betty Victor Murron
Harold Patrick Simmons,Haroun Patrick Simmons
Conner George Flores,Conner Georgia Flores
Alberto Kenneth Bryant,Alberto Kenneth Bryn
Samir Aditya Lad,Samir Adith Lad
Kathie Shane Matthews,Kaylie Shane Matthews
Nicole Peter Bennett,Nicole Peter Brett
Valentina Lincoln Sanders,Valentina Lincon Zander
Alice Patterson,Alicea Patterson
Ricardo Aaron Murphy,Ricardo Ayron Murphy
Omar Singh Chatterjee,Omar Sligh Chatterjee
Peter John Good,Pete Joun Good
Ricky Martinez,Rickel Martyn
Christopher Joseph Thomas,Kristof Eosaph Thomas
Lizzy Preston Rogers,Linzy Triston Rogers
Betty Victor Murray,Betty Hector Murron
Harold Patrick Simmons,Haroun Patrick Symon
Conner George Flores,Conner Georgia Forres
Alberto Kenneth Bryant,Alberto Keith Bryn
Samir Aditya Lad,Samit Adith Lad
Kathie Shane Matthews,Kaylie Shane Mattieu
Nicole Peter Bennett,Nichola Peter Breet
Valentina Lincoln Sanders,Valentyn Lincon Zander
Alice Patterson,Alicea Payton
Ricardo Aaron Murphy,Richard Ayron Murphy
Omar Singh Chatterjee,Umer Sligh Chatterjee
Damaris Keyon Mendoza,Damari Keion Medeha
Ann Malaki James,Ann Malaika James
Willa Pierre,Willa Perri
Corban Ethen Gray,Corban Ethel Gram
Anabel Milana Ruiz,Nabeel Milana Ruiz
Stacy Cortez Alvarez,Stacy Cortez Albanez
Jeramiah Galilea Castillo,Jeremiah Bailea Castillo
Kingsley Amalia Davis,Kingsley Amaia Dagis
Kimber Jaydin Miller,Kimber Jaydin Deller
Jaron Milagros,Jaron Mclaren
Aarav Shaurya Khurana,Aarav Shaunna Khurana
Eva Advik  Modi,Eva Advik Codi
Reyansh Advaith Dalal,Vedansh Advithi Dalal 
Shanaya Pranav Chakrabarti,Shanaya Prayan Chakrabarti
Aarohi Aayan Parekh,Aarohi Aayan Darek
Vihaan Kabir Jha,Nihaan Kabir Jha
Angel Hernandez,Annen Hernandez
Saanvi Vivaan Naidu,Saavi Vivyan Naidu 
Aarush Veer Sachdev,Aarush Veer Sachleen
Myra Chandra Ganguly,Myra Candia Ganguly
Akshara Arjun Parekh,Aksha Arjun Tarek
Karly Esme Taylor,Karly Jesme Tylar
Kael Sky Moore,Gael Sky Mohre
Dimitri Davon,Dimitriou Davon
Prince Yulian Gonzales,Prince Elian Gonzales
Coen Zeke White,Coen Zena White
Isabell Juniper Harris,Sabella Juniper Harris
Maxx Elian,Max Eliyana
Samiya Rivka Kadam,Samiya Rieka Kade
Cristiano Hendrix Martin,Caitriana Hendrix Martin
Joziah Brecken ,Jozann Brecken
Howard Eliseo Clark,Hayward Eliseo Clarke
Blair Geraldine,Blane Geraldine
Marianna Gwyneth,Maarianna Gwyn
Kamille Pamela Lewis,Amilee Pamela Lewis
Janet Liv Thompson,Yanett Liv Thompson
Devan Bridger Ramirez,Devan Bridgene Rameez
Kairi Bree Robinson,Kairo Brew Robinson
Anders Hugh ,Andel Hugh
Sarahi Ashtyn Allen,Sarahi Aspyn Alben
Donte Flynn,Donte Lynk
Jean Maxton Walker,Joan Marton Walker
Ignacio Ralph Young,Ignacio Ralphy Yeung
Analia Yamileth Sanchez,Analise Yamin Sanchez
Navya Kian Kumar,Savya Kian Kuhar
Pari Darsh Gupta,Pari Daksh Gutta
Mohammed Ali,Hammad Ali
Veer Sai Bedi,Veal Said Bedi
Prisha Krishna Kohli,Prisha Krishen Kobi
Ishaan Arjun Khanna,Shaan Arjen Khanna
Riya Dhruv Gandhi,Riya Dru Gandia
Ritvik Veer Bajwa,Rhittika Veer Bajwa
Shubam Dubey,Shubam Daley
Kabir Kulkarni,Kabir Klaudia
Hiran Darsh Khurana,Hiran Dash Khiana
Latha Dhillon,Latha Dyllon
Aaradhya Aditya Lal,Arathya Adith Lal
Irene Naidu,Irene Nadir
Marina Stella D'souza,Marina Stellen D'souza
Andrea Thresea Rodrigues,Andrena Threse Rodrigues
Melroy Lobo,Meryn Lobo
Russell Pinto,Russell Finton
Askhay Satkar,Ashah Satkar
Freena Das Gill,Freena Dail Gillie
Bhavika Jain,Bhavya Jain
Ridhima Santosh Gupta,Rishika Santosh Gupta
Lavina Anand Chawla,Lavina Anan Chawla
Saige Julieta Wright,Saige Juleita Wriedt
Rey Houston,Drey Houston
Johann Crew Green,Joan Crew Gren
Akira Apte,Adira Apte
Kasey Mattlie Hill,Kaley Mattie Hilo
Aakash Purohit,Akash Gurohit
Roselyn Tara Campbell,Joslyn Tara Campbell
Elliot Jacey Phillips,Ellinor Jacey Phillips
Azaria Alma Evans,Azaria Alan Evas
Carley Avah Gomez,Carley Ayah Gompf
Santos Fletcher,Santos Fechter
Efrain Sidney,Erran Sidney
Brysen Antoine Warner,Brysen Antonie Parker
Tamia Alaya Cruz,Tamia Alaya Cruff
Rayna Maritza Diaz,Rayna Marifa Diaz
Isai Krish Turner,Isai Krish Tanner
Gilbert Darien Mitchell,Gilbert Airen Mitchell
Yoselin Luz Evans,Jocelyn Luz Evans
Alden Hassan Collins,Alden Hansen Collins
Larissa Kirsten Stewart,Larisza Keirsten Stewart
Kaylen Averi Morris,Kaylen Averi Torrie
Amos Justus Morales,Amos Justein Morales
Mike Todd Reyes,Mikez Todd Reese
Tianna Sherlyn Cook,Tianna Sharlene Cook
Arnav Rylen Rogers,Arona Rylen Rogers
Callum Rowen Ortiz,Callum Owen Ortiz
Irvin Randall Morgan,Irini Randall Morgan
Alden Fisher Peterson,Alden Asher Peterson
Kenna Saanvi Ortiz,Kenna Saadiya Ortiz
Marcel Jovanni Cooper,Marcellus Jovanni Couper
Cain Seamus Reed,Cain Sceamus Reid
Harvey Salvatore Howard,Harley Salar Howard
Lilia Nahla Ramos,Lilia Nala Amos
Damaris Keyon Mendoza,Damaris Keyon Meadow
Ann Malaki James,Anne Malaki James
Willa Pierre,William Pierre
Corban Ethen Gray,Corban Ellen Gray
Anabel Milana Ruiz,Anabel Milana Rubi
Stacy Cortez Alvarez,Story Cortez Alvarez
Jeramiah Galilea Castillo,Jeremiah Galilea Chantelle
Kingsley Amalia Davis,Linsey Amalia Davis
Kimber Jaydin Miller,Kimber Jayzen Miller
Jaron Milagros,Jason Milagros
Aarav Shaurya Khurana,Aarav Shaurya Khiana
Eva Advik  Modi,Eva Alvin Modi
Reyansh Advaith Dalal,Rehana Advaith Dalal
Shanaya Pranav Chakrabarti,Shanaya Pranav Charmaine
Aarohi Aayan Parekh,Aarohi Layan Parekh
Vihaan Kabir Jha,Vihaan Kaber Sha
Angel Hernandez,Angel Harvinder
Saanvi Vivaan Naidu,Saanvi Vivaan Naish
Aarush Veer Sachdev,Aalish Veer Sachdev
Myra Chandra Ganguly,Myra Chandra Ganoung
Akshara Arjun Parekh,Akshara Arjen Parekh
Karly Esme Taylor,Karey Esme Taylor
Kael Sky Moore,Kael Sky Monte
Dimitri Davon,Dimitri Datson
Prince Yulian Gonzales,Vince Yulian Gonzales
Coen Zeke White,Coen Zeke Whaite
Isabell Juniper Harris,Isabell Juniper Harriet
Maxx Elian,Jax Elian
Samiya Rivka Kadam,Samfya Rivka Kadam
Cristiano Hendrix Martin,Cristiano Henrik Martin
Joziah Brecken ,Joziah Brennan
Howard Eliseo Clark,Howard Elyse Clark
Blair Geraldine,Blair Gerard
Marianna Gwyneth,Ariana Gwyneth
Kamille Pamela Lewis,Kamille Paula Lewis
Janet Liv Thompson,Janet Liv Thomazina
Devan Bridger Ramirez,Devlan Bridger Ramirez
Kairi Bree Robinson,Kairi Bree Robertson
Anders Hugh ,Anders Hund
Sarahi Ashtyn Allen,Sakshi Aspyn Allen
Donte Flynn,Tonye Flynn
Jean Maxton Walker,Jean Maxton Aker
Ignacio Ralph Young,Giaccio Ralph Young
Analia Yamileth Sanchez,Analia Yamileth Sorche
Navya Kian Kumar,Navya Lian Kumar
Pari Darsh Gupta,Parm Darsh Gupta
Mohammed Ali,Mohammed Khan
Veer Sai Bedi,Veer Sai Cadi
Prisha Krishna Kohli,Leisha Krishna Kholi
Ishaan Arjun Khanna,Ishaan Arjun Keanna
Riya Dhruv Gandhi,Sriya Dhruv Gandhi
Ritvik Veer Bajwa,Ritvik Geel Bajwa
Shubam Dubey,Shahan Daley
Kabir Kulkarni,Kasi Kulkarni
Hiran Darsh Khurana,Rhian Darsh Jhurana
Latha Dhillon,Lassa Dhillon
Aaradhya Aditya Lal,Aaradhya Aditya Lalk
Irene Naidu,Eirene Naidu
Marina Stella D'souza,Marina Stella Donia
Andrea Thresea Rodrigues,Andrea Thresea Rheighen
Melroy Lobo,Melroy Lohn
Russell Pinto,Estelle Pinto
Askhay Satkar,Askhay Satwat
Freena Das Gill,Freija Das Gill
Bhavika Jain,Bhavika Jadin
Ridhima Santosh Gupta,Ridhima Sasha Gupta
Lavina Anand Chawla,Ravia Anand Chawla
Saige Julieta Wright,Samuel Julieta Wright
Rey Houston,Rey Winston
Johann Crew Green,Johann Creed Green
Akira Apte,Akira Altes
Kasey Mattlie Hill,Kasey Mattew Hill
Aakash Purohit,Nakisha Purohit
Roselyn Tara Campbell,Roselyn Tara Cabell
Elliot Jacey Phillips,Elliot Stacey Phillips
Azaria Alma Evans,Arria Alma Evans
Carley Avah Gomez,Carsey Avah Gomez
Santos Fletcher,Dante Fletcher
Efrain Sidney,Efrain Sine
Brysen Antoine Warner,Brien Antoine Warner
Tamia Alaya Cruz,Tasia Alaya Cruz
Rayna Maritza Diaz,Zayna Maritza Diaz
Isai Krish Turner,Imani Krish Turner
Gilbert Darien Mitchell,Gilder Darien Mitchell
Yoselin Luz Evans,Yoselin Luz Evanson
Alden Hassan Collins,Allen Hassan Collins
Larissa Kirsten Stewart,Larissa Kirsten Sayward
Kaylen Averi Morris,Kallen Averi Morris
Amos Justus Morales,Anmol Justus Morales
Mike Todd Reyes,Mike Cody Reyes
Tianna Sherlyn Cook,Bianca Sherlyn Cook
Arnav Rylen Rogers,Arnav Rohen Rogers
Callum Rowen Ortiz,Callez Rowen Ortiz
Irvin Randall Morgan,Irvin Niall Morgan
Alden Fisher Peterson,Alden Fisher Cameron
Kenna Saanvi Ortiz,Genna Saanvi Ortiz
Marcel Jovanni Cooper,Marcel Roxanne Cooper
Cain Seamus Reed,Lain Seamus Reed
Harvey Salvatore Howard,Harvey Salvatore Hanar
Lilia Nahla Ramos,Liloia Nahla Ramos
Hari,Harry 
Jai,Jay 
Kanan,Kannan 
Kirin,Kirin 
Leela,Lila 
Leena,Leena 
"Lily, Lily ",Lily 
Maya,Maya 
Meena,Mina 
Milan,Milan 
Mira,Mira 
Neel,Neil 
Riya,Ria 
Salena,Selina 
Samar,Summer 
Sameer,Samir 
Siya,Sia 
Tara,Tara 
Uma,Uma 
Wali,Wally 
